feature_0,feature_1,feature_2,feature_3,feature_4,feature_5,feature_6,feature_7,feature_8,feature_9,target
32.623868761687696,25.53039555440204,68.70143004384245,0.0,28.10099360984572,31.250071386163402,47.533246026925575,44.85117717002278,42.12996449522925,39.48721898909987,0.0
48.55076020035043,50.40491569535923,49.7199508339094,67.50455780538296,40.22506696469165,71.00572093906958,74.0269628476894,24.323703263083107,37.05214382332378,54.97338956206185,793.3056951926582
42.28970646597433,52.12885774955155,50.521472754191386,28.048044034927173,61.440145053033525,66.04218658525383,52.00136041902906,50.65299307663893,44.53223403413196,53.72195162756237,728.0061180023492
49.77506031820444,31.479861816157356,16.960008502968183,57.97001298745889,39.93786910109279,41.09450646193287,40.73518934782409,74.94599682887258,62.62308985720196,19.318799618457067,571.5148833354081
45.577885983702174,43.00717740144005,31.068812362881964,46.78088799992224,53.286975004590516,33.54924627888586,26.197743380726195,66.55218856974915,67.16087119586717,33.347187434522745,565.07059911381
39.39600857978865,47.85724563853943,33.231044437984714,48.708227427868486,51.12186802303002,28.129812380494613,29.578480238124914,57.76243036079644,48.13150308303451,46.51080634839111,496.43906344527096
29.010560566914005,26.2357793716226,68.64792343281928,41.89259931582621,46.73474297923707,55.80505001945597,44.907247903329846,16.944394705888747,66.8681304488052,21.678674290914834,569.6427078328861
66.00706795799448,37.22936140716582,48.49630113755643,62.08671860994165,52.20427720248853,45.834521243597564,40.25872869950731,25.44975312189937,31.85451172100857,46.67423133365905,723.430141243388
55.721495202934136,47.3208701391825,67.55596427272924,24.064751208300823,35.13928974327422,63.70094314642731,46.64204069429751,29.836842361239107,50.37471019267219,62.31414227174146,458.942726138511
27.642560820638074,35.9368436761882,24.18582537275776,54.85578177957905,30.60590543572723,44.29224688734697,49.12048722506251,57.98879822946768,71.72124576735551,45.04767198259494,442.34721023999293
51.1042202785152,32.44132975853493,50.85799521900702,16.54673574155963,55.130258437046884,44.43399802808642,30.759151083162617,45.22939273796881,27.30191935155154,38.44658686607234,454.8911613917763
46.699099567661754,31.89320548641709,41.88600076880099,52.442173371994926,38.50086539886924,50.3937134846028,51.008858606545985,38.957010837595355,60.31587242156918,39.42732648727529,558.1969244246726
39.157740416108716,50.12003465895104,31.41297698109831,49.101073946465775,37.764029495262356,18.71986628556833,25.78184296863175,39.12514863236354,21.375102304623983,32.89038129584528,284.65532474492875
47.058717784938025,49.37021693717455,49.86450803760187,35.79383513843414,25.059947631194802,41.07140786170714,42.38343251019619,59.34470009170313,40.162949768152394,45.76235314068002,288.8421179813779
49.22132458342524,52.36962043031254,71.99101625299765,36.104356366651125,35.620472773391846,48.96421778625634,54.945328322040496,50.5739518031468,49.82154491005391,28.89715507124306,449.28513182594696
50.02917527403968,50.589930039001395,45.950124195352906,26.685681279851725,43.09676497937148,56.16763590141795,34.71895997501125,21.583016630638927,48.09886299133881,38.08159155679025,466.84349807985143
38.39835549692043,38.31981619650829,67.95658698054676,78.09650940022873,66.17779237366724,40.57554629362309,41.71811698630648,65.55702772480096,39.41028022953666,39.76714107641576,921.1686690203726
53.73778515795568,42.35197672033621,34.796201471598614,59.138282986356735,56.389021989085954,54.8725575554924,46.84440410481909,61.69768398175939,41.24610343543277,38.84838238631042,818.1238880400383
33.02583951062867,64.77502779297257,21.541204720247762,27.079707494854905,39.07657379302859,71.50728703187369,63.139052584049246,52.62457184807127,62.316157167160405,44.07566972346736,533.7330942637548
37.86394496912847,55.67556298801152,31.294543118945672,25.278456938649718,38.613103569358536,14.694975405608144,37.738781373032644,72.20785528360493,51.892900999348036,49.12698940330518,158.51771436821642
42.62174563303895,41.31662061715578,55.30336845239873,57.3256887419332,45.986350710590486,57.15784669301963,43.85572030583438,61.17909370466379,64.0928516583855,50.25985734753409,726.6197262866738
66.35067500441617,50.986269447209786,29.465380704517273,46.64217775772319,47.25388331417189,25.60642026029596,41.57843355571648,42.50763372729327,38.01642317537188,37.2234153565662,454.6377234196063
43.88709136946184,30.44431480734151,36.57590757682451,23.045126716558833,25.641583454924344,48.55838093766409,58.11823761744075,32.220570569722476,35.028432539665864,69.47293187865944,225.36308407258304
56.76724221152752,58.057940647059915,66.8828083434027,32.059368082921104,29.36147440362651,45.01771229642644,46.06926582662204,51.68770096174269,45.639488788133455,42.575467494561885,349.87059384092447
50.887246179228015,56.209776759851124,26.521165903507697,46.09547084842491,46.344860870096596,63.71186844719608,76.18442281055627,40.145601877004275,48.38408477350673,54.789289002653916,678.3566959586474
50.07295589453392,41.62121775889387,45.429302724425014,57.78020353652755,31.55819487501731,43.435710713124834,34.02927536528009,66.4875152867398,45.42221121056515,50.23944865865635,511.4463089497636
81.31097711717794,40.62553882586372,53.921569719299725,38.790926855426115,71.72223716431013,60.40920388340276,61.31902505836976,38.20692153782344,55.302501780862414,54.016391349904055,904.4618907896856
34.099906163303224,25.85006862068254,25.27746397145645,49.1434238201319,48.961345502115485,38.544186853481094,42.68143060926188,49.125389427297364,39.05031704337208,35.56277889263812,526.7262710426247
58.746061100992804,33.511093349682795,37.33963705150402,25.975473216449952,38.823546803761936,53.626123538161075,33.976848335794166,72.6062141176542,36.518539582038905,46.37425303435306,464.12393624681926
53.01119924101473,45.86777949213279,48.84917385200531,44.15714276756667,40.03449867912467,51.35296958875203,34.79359970463616,67.2964059762125,55.41883253142667,47.06715518696012,568.511275753489
26.738330161823065,31.617052001986863,67.54678069765414,31.53547987107228,48.99186136813886,34.867073338840385,42.67379468308559,32.740566343565355,45.20133889499285,59.56569544732394,387.59015489711294
18.642463247137275,29.216093093689967,45.200959950491956,46.53930214523662,49.941010238948905,80.4131715929862,56.2898369176701,45.31652092606643,42.97867039508482,61.79998417249231,789.1451953245271
33.85319838914139,72.13756727900153,50.50780809729369,15.750941639854506,47.81028595403973,38.279007132444804,37.55799441166284,37.2409801251053,34.98921747442867,59.08784704194051,307.3773985179041
48.896642887087864,27.07655826874189,28.253692691777516,23.030509935129942,56.71117669800788,48.29294845333145,49.876692930625346,64.11630735901082,49.35368919366283,53.04778017988501,546.4876423925494
50.73379325677374,52.932815194701085,52.950426084218584,60.95741888927185,32.470294330721394,60.54510995268595,100.0,53.595326939874724,26.270063141832246,52.950601149054144,642.1868301146844
55.667041534057226,42.20114460058515,35.440239338010855,54.604957958942414,23.55572167479652,59.399809476228384,54.43952740581043,37.76150275882538,54.45556722613843,44.64102668375994,506.1860340766561
38.93562951069685,59.83649475070473,44.675186648788646,30.094907216741383,64.80840324822576,28.828038526470216,36.596391505171226,43.073144446705456,57.1439784414183,50.7880456578692,503.5224025611276
35.39471556546269,48.31861037237828,17.143007525522606,46.33267157780929,54.62626164531949,36.50503833250611,57.70653157053904,48.74156328692628,75.91221196811152,36.36145052814314,555.8544179502533
58.916716026842586,38.941629175934594,48.82156304710609,47.045230717490064,41.33205102743546,39.17384422631054,33.07950979194258,38.41588752522598,39.56542959213295,63.391939764159325,490.2425325297358
57.25613463136167,47.75840971144794,43.33450474277237,60.72656808175273,54.83475992146203,62.173155589098684,34.17440187024227,52.84102042618903,65.17376787662758,62.697731035904724,872.1292718025169
40.60194035803243,28.05404696522506,50.28758035398791,30.451147004894164,41.32677451338066,54.37275983621483,43.083813185718355,62.03267365050203,54.05087722077112,58.715746346563655,491.14121204083835
78.318675253795,30.49792668092425,46.59638996342031,55.364084829470784,61.04057866886667,22.956748481917373,55.27016824449782,19.368513870154334,39.03772104226702,35.607048874455245,620.2967534789663
46.91087786946301,39.59274901604237,38.816768675948964,62.15182024887689,39.88428024110522,49.27669522908033,39.75589687207574,43.49577971895682,50.44926123534653,51.25063549068024,623.6613537757339
45.949904941357914,56.55671264815653,49.011593899894905,50.298777868126265,14.521175653423166,42.60173822092187,61.81311116495635,69.32203922907338,57.381922641749796,24.847496261983267,306.1468593103146
33.15130107236855,66.17990119893189,45.8735518513604,44.60341347888455,57.35059571034631,50.499293844966786,84.03492372792584,34.19026578633038,49.59062192346257,41.959557336541266,653.9465688403918
50.46185984778696,33.710506974530844,39.214926685362784,54.61023181166909,49.18929379092356,77.6989160753934,33.62255296448714,39.83619808237182,48.25393514729843,57.395035631798905,858.1126972656261
50.25869604069414,41.3314836128709,33.86030748191363,36.148093634538654,58.81798910248129,54.31271869150884,59.441967327772936,40.26198943369917,60.22367587744766,50.359900765703046,672.360843908919
19.74053199265254,35.04207523899631,48.32301479525889,36.88256545859115,35.45988076599318,46.05806214865898,25.86138350171771,27.652815008051274,52.98741161696352,37.07005878951934,350.81448386087254
49.502745202604075,31.91024060317695,52.75141167892809,42.32195923404656,56.338585066936844,32.89687147847147,56.28214154968356,44.98209411594107,37.559859722007936,47.09050177778872,547.29054885905
54.69214037705993,40.269414529178604,33.561521951113775,44.758782982457795,46.358423364018904,28.619276500493466,37.55816055405355,22.26878401724987,36.50171495732706,59.875399624926914,417.6229249262692
48.195219968107786,52.163067792893294,57.445590165147934,51.04970098656673,60.92541271511206,54.29734592950158,22.276665732010624,26.866694326259317,53.581313990889036,44.70118623189682,776.1486721072124
46.03577745437563,48.274737951401875,57.98687136758445,66.14620413442263,34.873416759903975,59.21255791531761,34.29615810164559,52.71026568428415,76.0424399031123,76.55865757638726,696.2377347281625
41.35169986793994,48.32079261670372,54.25943733053711,49.20568930265358,49.623476826542415,67.9267185520652,48.426246112263236,48.77950716239333,44.346945675506134,39.39715514773197,762.3000985186807
37.20836147319134,18.065934979277927,48.63450103954718,45.50000912534423,28.48074461681168,30.78033226699005,48.46531072218132,71.80076633954451,57.28521175633793,26.96760088097523,310.4825298187213
25.7386086689327,48.15119419116674,72.27874381756071,40.859223305603045,51.38594301842707,34.38103288492657,44.64085066644701,39.76067778708568,43.416720271559676,49.32081064968059,471.07327426527183
37.603690060330386,66.89119129961298,42.09600528427955,45.22856778545187,47.19055708414048,38.02992689047356,61.076612717026144,37.9815173800046,35.641696844400755,8.321083013426902,484.74044902195055
43.19594893790494,48.84488106624674,38.3938044821331,26.246806018497367,70.98711634652271,35.38677352546204,62.44236458473173,34.43713699176583,45.22329991514747,45.4587676280642,572.2357128224788
56.36110256176187,28.145093964639734,34.78261273851585,57.948603577022375,72.14637716686723,64.79991480919101,66.7791433942894,32.6910402895405,51.518224495110154,20.616680747543512,1000.0
51.74635134281693,55.2969930084054,45.13268556439486,49.51856154881878,60.535958573929186,27.692685199502993,46.109726793274326,48.617924946574746,30.45124268001051,46.089459474381385,595.4097325603785
42.59368410303601,50.32448601862135,58.594166096684376,66.52328957783459,38.61729275482594,38.384516078607824,52.925505949080595,50.724281148685776,34.29340482323806,38.22254839623905,569.7488809052024
56.84099170764464,37.70750001932798,31.727253818968343,65.46465205057474,76.56785820649561,25.929187770800887,38.593066495805154,32.871162526487396,53.9628568486635,47.094999377323596,820.0833228649714
38.32174749981828,70.4265907179984,27.640799418805763,35.76154592158953,54.232843607928515,25.836007129966127,69.6042362873539,60.47754825282695,23.747370231428235,16.342516538969665,419.6378739762422
34.518565058552866,36.4806672406981,38.995242245139636,52.8087854035818,40.975001174782406,57.89432211987211,51.39906473113987,44.07289842030009,28.770387220448114,70.57685939651246,608.7267416942167
23.214546838411028,43.68323041761205,30.640643768822034,45.76418910201621,54.47022708378879,46.35252996649166,52.94201851094231,37.241228539161604,39.34595896042804,47.38600966809005,582.5647092488035
37.57583807720091,70.65222444071372,45.19705917748196,81.7783032781521,35.77800018729671,44.336170831078654,71.23931112278427,47.410173513818904,61.890913307449566,36.852279576913475,669.2252496040296
34.54741032673259,43.91712621203738,31.740384704584972,72.22008290099171,38.48395987625703,64.65588021186741,61.11445690917431,52.336288541878176,68.14850244647158,46.475793569046566,769.0226900084841
21.83257634109633,46.723792692242284,57.2940314907875,43.462925707523716,22.362713979210554,39.67277606436402,27.434295020977455,67.25145821659129,31.423221486230013,27.50643870812323,269.9890152339843
71.75393676368942,45.350194294165505,45.88662487346216,41.89990329066594,46.52503972497576,30.09221572016522,43.65530643637216,61.57080757752513,81.96543701326877,48.48255804527691,499.3378550304327
54.91448602375457,55.92098418154114,47.23234686989793,49.636827555406086,47.511827989692705,29.824903319794117,48.84623534671007,44.90672673022679,80.16662330215888,52.47078073490472,509.97012625946235
55.86326553859854,40.40663948385533,42.302543509226304,38.29641276543757,55.74099833673093,52.58870194818396,51.95279474241303,29.7746816605598,28.462642570961865,55.712263316927036,638.786321416535
41.8130269499183,50.07778517282543,53.81766186075493,24.331499328629167,42.17975463364152,64.9583079652613,61.472271923939935,13.24141993462448,68.87843048984291,89.0914743480367,492.6009546804052
22.157630646061516,46.36809739077509,22.747746943471984,36.34964767621945,20.247892249201296,53.733671228605374,32.94264308084511,53.34970617781828,34.93104866037492,49.351429642586396,273.0470060876
23.831465853659427,41.15035671024425,34.6492028880423,30.715590435481516,67.5388008852797,52.36623037792679,28.33948907530336,46.65676431380806,32.729679849670546,57.15795356319556,660.0827337314648
34.004408327494446,37.35123185751776,63.70077503094874,56.22443758967163,47.344167986494874,54.294308434634445,42.840078778602006,37.79372345341301,45.39563401332495,53.40238716747275,673.1633012608171
54.509942559992496,44.66364462438074,52.36122888201309,30.59451930846342,55.755123852446594,52.491406386830896,24.336346207249985,33.60741720631976,42.5402460129151,33.75351024347945,602.0778180440662
47.49608557006329,11.522246238610089,39.31437102500116,57.54033777647697,19.054508484964416,36.49060878830967,56.40939745975518,36.08988024506026,39.4006818093754,23.362909356643495,308.61603111072736
47.05756773745044,56.8498829822972,62.01549110095183,34.15628779555887,28.574556828260988,75.18544537468364,54.5476950542229,54.07985618619789,31.509026317971784,54.48812791426477,542.2555076369272
63.25561421200378,70.39101503465022,30.035126103704922,40.85960281576456,34.72583956187168,40.45428456576833,63.61464870163777,16.46288835857851,25.849393115337676,58.879989028562676,372.11846499400076
44.80672070355547,31.09705922272643,44.18152659597679,31.79506153799857,34.51360179540545,52.79552400496783,28.804479620582896,59.154360759066485,38.21553663013545,37.88579754315629,422.8109501285141
48.66486293062242,47.80898873061856,47.30047281934433,38.00886238636464,61.242880436763805,51.31666273547605,44.887542165313725,44.32696287712589,45.15975705788721,40.56464057186224,688.9598227532048
32.675986411484395,48.29579966838513,52.644288927362645,31.93395066940833,82.7974397101385,60.542850924585046,55.56213517272188,26.63635531301528,32.307144474159614,33.59049834583542,865.2412493437457
60.82463773804429,51.007609410113254,37.8114735680582,47.56466831658159,24.21878655863838,35.82107335744555,44.763428283115324,31.22007902039707,62.53615309013636,67.75855880445616,312.31489875184496
54.75036284352386,71.07708773706462,36.15556048446813,48.460517006030976,65.9907714566244,55.68468774690428,25.52146231135341,64.42656644384009,44.425319498682505,45.12418828659609,850.8291739216497
27.916319596178607,35.71466439319658,63.5491856825656,75.60508064722195,38.86430394183648,60.24433753937023,56.609840082094735,58.62884088887701,24.272591738493084,51.94653757561045,761.5834971288559
31.950747722501298,72.42826571200308,57.27837848612931,62.022323714247975,51.50900576949704,34.121587548533505,35.06528877532649,56.78534829136018,59.27042800040043,42.231177302865945,625.800972689886
43.056050174117054,58.230882669472315,49.454724897105486,66.08748233955474,24.74918602225041,48.460990741802675,60.709732520424055,39.491637208362214,60.235587593150576,46.85018152174404,502.7975171958625
42.75649266497453,50.02209537414915,58.371411023757325,37.38233747149195,35.92272575196368,57.666621248550584,54.56578545274079,38.7407225598575,50.72291258986564,57.14871901796458,490.66687676756004
48.450989028652955,59.54269833990966,49.29937483547799,51.44517475781974,52.35220516808563,21.689935007703433,59.98926002998798,31.898716315733587,60.197683694275575,69.16750201988712,480.8258882338833
74.73944373923868,55.36114247804031,32.08830356202237,42.18076804059323,64.98307946762203,59.38594566407049,20.898338004021035,70.43429667442557,54.78776332498592,60.61026974372884,868.2805084813216
57.47054023292313,42.82805828593707,53.82492383157091,53.158614879551614,34.45690002107315,66.01123107669285,37.176241726053014,29.76544732804832,10.848928204055815,50.92210049140663,631.9966682037553
40.95690893259565,44.92490835702741,7.6738199443988115,42.03096250582904,41.84584521588546,24.501334556515957,55.504290299985215,69.21750316749734,42.22617380495816,42.43492114521894,345.249180094094
45.517636022681785,41.15988130376061,34.05371499095782,46.7588447279792,43.61728881552741,36.14471456425864,37.743772604934456,33.04219558694351,59.43597079866774,51.511127666366754,460.201870694564
73.38586595811859,56.36841992132647,54.34782457835748,35.826645770918134,42.57539101155578,48.70662278430006,37.573294879616434,46.18736160274361,44.10684812671447,38.21210373926674,533.2740209005746
36.9062199771632,52.33554424023884,33.95703642537907,36.705393881449005,37.6447911825653,62.45115028761017,54.61234559337112,37.86003190861521,65.71429879391863,37.905902720789435,516.5499415624164
56.1000081199398,60.5919125285425,39.19691327078469,44.06004472602836,35.54304408332001,41.44578699035114,20.837713960484493,48.105951279256914,24.848402033381703,50.534060058081124,430.64757669907027
47.29046008283646,53.98343921298504,43.55064497125485,68.04743377328556,18.17281862189195,28.241502276055684,36.91243659228668,55.0239449953766,75.75840993163803,49.65125159803181,341.17375911783876
48.62772366237705,54.72386299984765,71.03121930461998,42.20595504726059,41.727763392950756,36.07673405565184,53.761640119076645,16.909115722569055,31.57101352306888,37.638691716754195,413.0601231216595
52.69216393004287,56.50835537018235,67.95152171014152,54.82036254822697,42.38977838699584,67.15954301885616,53.338426942889384,43.74123978508313,42.38954695512579,39.07236271494166,745.8091093790256
44.99301038214272,80.30121819739223,49.766514884196624,29.863908481792368,52.63207244842856,51.080880794047204,38.205114629131245,55.202811921469156,48.036652240813,36.70041986110846,565.9233497705853
50.78465660262748,41.475337955518235,46.917323892026346,45.185252738927694,57.276156106015804,67.74614868935264,17.672661856645195,67.37108393415699,8.761239616893409,46.98377031258278,825.4073472513159
